12:07:39:653, k
12:07:42:903, j
12:07:45:901, j
12:07:49:653, j
12:07:52:153, j
12:07:55:153, j
12:08:05:153, j
12:08:08:153, j
12:08:11:403, k
12:09:03:403, j
12:10:07:900, j
12:11:02:652, j
12:11:08:654, j
12:11:13:902, j
12:11:15:152, j
12:11:17:900, j
12:11:21:152, k
12:11:26:402, k
12:11:29:400, j
12:11:31:152, j
12:11:34:152, j
12:11:36:652, j
12:11:38:900, j
12:11:38:900, b
12:12:15:512, j
12:12:15:512, b
12:12:19:760, j
12:12:23:010, j
12:12:24:512, j
12:12:27:012, j
12:12:29:512, j
12:12:30:512, j
12:12:32:512, j
12:12:34:012, j
12:12:36:762, j
12:12:43:762, j
12:12:46:512, j
12:12:48:512, j
12:13:26:262, j
12:13:30:262, j
12:13:36:262, j
12:15:24:762, j
12:16:08:262, j
12:16:24:764, j
12:16:24:764, b
12:17:02:264, j
12:17:05:264, j
12:17:35:014, j
12:17:45:014, j
12:17:45:014, b
12:18:23:766, j
12:18:27:264, j
12:18:32:014, j
12:19:48:264, j
12:19:51:262, j
12:19:55:514, j
12:20:05:264, j
12:20:05:264, b
12:20:12:512, j
12:22:12:762, j
12:22:14:514, j
12:22:17:264, l
12:22:18:518, l
12:22:20:764, j
12:22:22:764, j
12:22:25:514, j
12:22:29:264, j
12:22:31:764, j
12:22:39:762, j
12:23:18:264, j
12:24:12:264, j
12:24:20:014, j
12:24:22:514, j
12:24:26:014, j
12:24:28:764, j
12:24:36:766, j
12:24:40:264, j
12:25:29:264, j
12:26:03:014, j
12:26:16:762, j
12:27:49:512, j
12:28:17:266, j
12:28:19:264, j
12:28:23:014, j
12:28:26:264, j
12:28:29:014, j
12:28:30:512, j
12:28:35:514, k
12:29:07:764, j
12:29:07:764, b
12:29:12:764, j
12:29:12:764, b
12:29:17:764, j
12:29:17:764, b
12:29:21:762, j
12:29:24:014, j
12:29:25:764, l
12:29:25:764, b
12:29:27:514, j
12:29:58:764, j
12:30:32:764, j
12:31:30:250, j
12:31:59:078, j
12:32:13:080, j
12:32:30:578, j
12:33:00:080, j
12:33:02:578, j
12:33:06:830, j
12:33:32:330, j
12:33:59:580, j
12:34:16:330, j
12:34:30:330, j
12:34:45:078, j
12:35:20:330, j
12:35:24:578, j
12:35:27:580, j
12:35:30:580, j
12:36:15:330, j
12:36:15:330, b
12:36:24:078, j
12:36:27:580, j
12:39:13:330, j
12:39:15:328, j
12:39:17:830, j
12:41:03:080, j
12:41:05:580, j
12:42:46:328, j
12:42:53:580, j
12:43:23:080, j
12:43:30:330, j
12:44:06:830, j
12:44:41:330, j
12:45:14:580, j
12:45:14:580, b
12:45:17:328, j
12:45:20:580, j
12:45:23:328, j
12:45:27:580, j
12:46:23:830, j
12:46:28:580, j
12:46:31:080, j
12:46:31:080, b
12:46:33:830, j
12:46:35:580, j
12:46:37:828, j
12:47:02:080, j
12:47:10:078, j
12:47:34:330, j
12:48:41:080, j
12:48:46:580, j
12:48:50:080, j
12:48:52:580, j
12:49:02:580, j
12:49:07:328, j
12:49:48:330, j
12:50:21:330, j
12:50:22:328, j
12:51:35:828, j
12:53:00:580, j
12:53:00:580, b
12:53:03:578, j
12:53:03:578, b
12:53:49:830, j
12:53:51:080, j
12:53:53:328, j
12:53:53:328, b
12:55:05:578, j
12:55:08:330, j
12:55:48:580, j
12:55:52:578, j
12:56:18:078, j
12:56:25:828, j
12:56:25:828, b
12:57:12:250, j
12:57:25:830, j
12:57:27:828, j
12:57:31:080, j
12:57:35:830, j
12:57:49:578, j
12:57:54:082, j
12:58:02:330, j
12:58:06:580, j
12:58:11:080, j
12:58:14:830, j
12:58:17:080, j
12:58:25:830, j
12:58:28:582, j
12:58:31:580, j
12:58:34:830, j
12:58:38:080, j
12:58:39:830, j
12:58:41:080, j
12:58:42:830, j
12:58:45:828, j
12:59:26:580, j
12:59:28:828, j
13:00:12:080, j
13:00:28:080, j
13:00:30:580, j
13:00:43:580, j
13:01:46:830, j
13:01:48:080, j
13:02:12:830, j
13:03:27:330, j
13:03:39:078, k
13:04:36:830, j
13:05:34:830, k
13:05:37:580, j
13:06:00:080, j
13:06:34:330, j
13:06:48:578, j
13:08:03:580, j
13:08:06:328, j
13:08:07:830, j
13:08:10:082, j
13:09:17:080, j
13:10:13:080, j
13:10:51:078, j
13:10:54:330, j
13:10:55:080, j
13:10:57:078, j
13:10:59:330, j
13:11:01:078, j
13:11:04:330, j
13:11:52:578, j
13:11:55:582, j
13:12:36:328, j
13:12:38:330, j
13:12:40:828, k
13:12:40:828, b
13:12:49:328, j
13:12:49:328, b
13:13:04:580, j
13:13:06:328, j
13:13:11:330, j
13:13:13:828, j
13:13:18:330, j
13:13:19:830, j
13:13:32:330, l
13:13:33:830, l
13:13:33:830, b
13:14:17:830, j
13:15:14:080, j
13:15:54:830, j
13:15:58:580, j
13:16:01:580, j
13:16:03:078, j
13:16:46:830, j
13:16:48:828, j
13:16:57:328, j
13:17:14:330, j
13:17:18:328, j
13:17:24:580, j
13:17:26:830, j
13:17:37:330, j
13:17:40:080, j
13:18:40:080, j
13:19:00:080, j
13:19:04:830, j
13:19:13:080, j
13:19:16:080, j
13:19:40:080, j
13:19:55:080, j
13:20:27:828, j
13:20:29:330, j
13:20:39:328, j
13:20:48:578, j
13:22:03:580, j
13:22:20:578, j
13:22:28:580, j
13:22:30:250, j
13:22:52:580, k
13:23:37:830, j
13:24:18:330, j
13:24:22:578, j
13:24:25:580, k
13:24:27:080, j
13:24:30:080, j
13:24:31:830, j
13:24:38:080, j
13:25:08:830, j
13:25:19:330, j
13:25:21:828, j
13:25:32:328, j
13:25:32:328, d
13:27:34:580, j
13:27:37:830, j
13:27:45:330, j
13:27:50:080, j
13:28:18:830, j
13:28:46:080, j
13:29:12:580, j
13:29:14:330, j
13:29:14:330, b
13:29:17:078, j
13:30:20:580, j
13:30:34:080, j
13:31:32:828, j
13:32:22:330, j
13:32:23:578, j
13:32:23:578, b
13:32:31:580, j
13:32:53:080, j
13:32:55:580, j
13:33:26:580, j
13:33:30:082, j
13:33:31:580, j
13:33:34:078, j
13:33:45:578, j
13:33:50:830, j
13:34:13:830, j
13:34:33:580, j
13:34:33:580, b
13:34:37:830, j
13:34:41:080, j
13:34:41:080, b
13:34:44:080, j
13:34:48:330, j
13:34:50:830, j
13:35:17:080, j
13:35:20:328, j
13:35:20:328, b
13:35:39:330, j
13:36:08:330, j
13:36:30:582, j
13:36:32:080, j
13:36:33:580, j
13:36:54:580, j
13:36:57:580, j
13:36:59:330, j
13:37:46:830, j
13:37:48:578, j
13:37:48:578, b
13:38:28:578, j
13:38:31:580, j
13:38:31:580, b
13:38:35:580, j
13:38:37:080, j
13:38:40:078, j
13:38:51:328, j
13:39:23:078, j
13:39:55:580, j
13:40:01:580, j
13:40:31:580, r
13:41:11:078, j
13:41:11:078, b
13:41:14:330, j
13:41:14:330, b
13:41:39:330, j
13:41:39:330, b
13:41:54:830, j
13:42:02:328, j
13:42:15:330, j
13:42:19:830, j
13:42:27:580, j
13:42:31:580, j
13:43:06:330, j
13:43:06:330, b
13:43:09:080, j
13:43:09:080, b
13:43:11:330, j
13:43:11:330, b
13:43:13:330, j
13:43:13:330, b
13:43:16:830, j
13:43:16:830, b
13:43:19:330, j
13:43:19:330, b
13:43:21:330, j
13:43:21:330, b
13:44:04:580, r
13:44:43:578, j
13:45:11:828, j
13:45:16:580, j
13:45:18:580, j
13:45:20:330, j
13:45:24:578, j
13:45:24:578, b
13:45:37:330, j
13:46:27:580, j
13:48:26:580, j
13:48:29:580, j
13:48:32:828, j
13:48:39:338, j
13:49:55:828, j
13:50:20:330, j
13:50:55:328, j
13:50:57:330, j
13:51:00:830, j
13:51:15:330, j
13:51:59:580, j
13:52:02:080, j
13:52:02:080, b
13:52:22:830, j
13:52:24:080, j
13:52:41:080, j
13:53:13:328, j
13:55:14:580, j
13:56:09:830, j
13:56:12:330, j
13:56:28:828, j
13:56:34:330, j
13:56:37:830, j
13:56:39:830, j
13:56:41:830, j
13:56:45:080, j
13:57:23:080, j
13:57:24:080, j
13:57:28:580, j
13:57:56:830, j
13:58:02:330, j
13:59:09:578, j
13:59:13:578, j
13:59:48:580, j
14:00:27:796, a
14:01:08:798, j
14:01:14:796, j
14:01:31:546, j
14:01:33:546, j
14:01:41:546, j
14:02:34:046, j
14:02:34:046, j
14:02:34:046, b
14:02:44:296, j
14:02:44:296, b
14:02:58:296, j
14:03:01:296, j
14:03:04:044, j
14:03:04:044, b
14:04:13:296, j
14:04:15:546, j
14:04:18:044, j
14:05:00:546, j
14:05:56:794, j
14:06:01:796, j
14:06:04:796, j
14:06:06:294, j
14:06:47:796, j
14:06:51:296, j
14:06:53:796, j
14:06:53:796, b
14:07:38:794, j
14:07:48:546, j
14:07:56:794, j
14:08:13:296, j
14:08:22:044, j
14:08:39:546, j
14:08:41:796, j
14:09:37:044, j
14:09:51:546, j
14:12:21:296, k
14:12:23:796, j
14:12:26:296, j
14:12:28:544, j
14:12:34:296, j
14:12:57:046, j
14:13:36:546, j
14:13:37:544, j
14:14:29:294, j
14:14:31:794, j
14:14:31:794, b
14:14:35:294, j
14:14:37:046, j
14:14:48:546, j
14:14:59:798, j
14:15:13:546, j
14:15:45:546, j
14:15:58:296, j
14:16:29:296, j
14:17:01:298, j
14:17:01:298, b
14:17:13:546, j
14:17:36:796, j
14:17:36:796, b
14:18:49:796, j
14:20:00:796, j
14:20:00:796, b
14:20:30:296, j
14:20:41:046, j
14:20:47:546, j
14:21:29:796, j
14:21:33:544, j
14:21:36:046, j
14:21:38:544, j
14:21:53:796, j
14:22:21:294, j
14:22:39:546, j
14:23:05:044, j
14:23:13:046, j
14:23:44:544, j
14:23:56:296, j
14:24:16:796, j
14:24:16:796, b
14:25:15:296, j
14:25:25:046, j
14:27:44:048, j
14:27:54:796, j
14:28:29:796, j
14:28:47:294, j
14:28:49:796, j
14:28:58:296, j
14:29:16:296, j
14:29:18:296, j
14:29:18:296, b
14:30:33:796, k
14:31:32:296, j
14:32:13:294, j
14:32:15:296, j
14:32:17:546, j
14:32:20:296, j
14:32:22:546, j
14:32:24:296, j
14:32:26:046, j
14:32:27:546, j
14:32:30:044, j
14:32:33:294, j
14:32:45:046, j
14:32:45:046, b
14:33:42:546, j
14:33:46:796, j
14:33:51:794, j
14:36:00:794, j
14:36:03:296, j
14:36:05:546, j
14:36:08:544, j
14:36:10:296, j
14:36:12:046, j
14:37:38:296, j
14:37:41:296, j
14:38:08:046, j
14:38:21:546, j
14:38:24:796, j
14:38:59:796, j
14:39:02:796, j
14:39:18:046, j
14:39:36:046, j
14:40:13:046, j
14:41:25:294, j
14:41:27:296, j
14:41:29:046, j
14:41:32:046, j
14:41:36:546, j
14:41:56:046, j
14:42:58:546, j
14:43:03:546, j
14:43:07:296, j
14:43:42:546, j
14:44:29:796, j
14:44:31:296, j
14:45:22:796, j
14:46:07:044, j
14:46:10:296, j
14:46:14:544, j
14:47:42:546, k
14:47:44:296, j
14:47:46:544, j
14:47:51:794, j
14:47:54:546, j
14:47:54:546, b
14:49:15:296, j
14:49:44:794, j
14:50:07:296, j
14:51:21:796, j
14:51:40:796, k
14:51:43:546, j
14:51:45:046, j
14:51:50:546, j
14:52:17:294, j
14:53:05:046, j
14:53:07:546, j
14:53:07:546, b
14:53:44:546, j
14:53:47:546, j
14:54:14:794, j
14:54:17:046, j
14:54:21:044, j
14:54:22:796, j
14:57:19:546, j
14:58:06:297, j
14:59:15:795, j
14:59:33:047, j
14:59:39:547, j
14:59:42:045, j
14:59:43:797, j
14:59:46:797, j
15:00:12:297, j
15:00:16:545, j
15:00:27:297, j
15:00:49:545, j
15:01:50:547, j
15:02:46:547, j
15:02:52:547, j
15:03:19:047, j
15:03:47:297, j
15:07:56:547, j
15:08:24:547, j
15:08:27:047, j
15:08:31:295, j
15:08:38:297, j
15:09:01:045, j
15:09:02:797, j
15:09:10:297, k
15:09:16:547, j
15:09:18:547, j
15:09:29:795, j
15:09:31:297, j
15:10:34:547, j
15:11:03:297, j
15:11:05:547, j
15:11:24:795, j
15:11:48:045, j
15:11:55:547, j
15:11:59:795, j
15:12:03:119, k
15:12:06:547, j
15:12:08:297, j
15:12:09:295, j
15:12:45:297, j
15:13:10:047, j
15:13:58:797, j
15:14:19:547, j
15:14:22:547, j
15:14:36:795, j
15:14:39:295, j
15:16:14:295, j
15:16:18:297, j
15:17:31:295, j
15:17:35:297, j
15:18:28:797, j
15:18:28:797, b
15:18:36:296, b
15:18:36:297, j
15:19:37:546, j
15:19:40:546, j
15:20:32:046, j
15:20:33:294, j
15:20:38:046, j
15:20:38:046, b
15:21:38:046, j
15:21:40:544, j
15:21:41:796, j
15:21:44:546, j
15:21:46:546, j
15:21:48:796, j
15:21:51:044, j
15:21:56:048, j
15:21:58:296, j
15:22:37:296, j
15:22:45:546, j
15:22:48:296, j
15:22:50:546, j
15:23:21:046, j
15:23:55:046, j
15:23:57:044, j
15:23:58:546, j
15:25:34:794, j
15:26:20:296, j
15:26:35:546, j
15:26:55:796, j
15:27:17:796, j
15:27:50:546, j
15:28:25:046, j
15:28:29:546, j
15:28:30:546, j
15:29:42:046, l
15:29:42:046, b
15:29:56:796, j
15:29:56:796, b
15:31:51:796, j
15:31:53:296, j
15:31:56:046, j
15:31:57:796, j
15:32:28:294, j
15:34:21:046, j
15:34:23:796, j
15:34:27:044, j
15:34:30:796, j
15:34:32:046, j
15:34:39:044, j
15:34:40:296, j
15:35:39:796, j
15:35:56:296, j
15:35:56:296, b
15:36:10:294, j
15:36:24:048, j
15:36:24:048, b
15:36:25:546, j
15:36:25:546, b
15:37:30:046, j
15:38:16:794, j
15:38:19:296, j
15:38:44:546, j
15:38:44:546, b
15:39:00:794, j
15:39:19:296, j
15:39:59:296, j
15:40:30:796, j
15:40:39:794, j
15:40:39:794, b
15:41:06:296, j
15:41:08:546, j
15:41:12:044, j
15:41:32:296, j
15:41:33:796, j
15:41:37:046, j
15:41:38:546, j
15:41:44:044, j
15:41:53:796, j
15:41:55:796, j
15:41:58:296, j
15:42:00:546, j
15:42:02:796, j
15:42:05:296, j
15:42:08:546, j
15:42:10:046, j
15:42:23:546, j
15:42:43:796, j
15:42:43:796, b
15:43:07:546, j
15:44:06:546, j
15:44:08:546, j
15:44:14:294, j
15:44:17:296, j
15:45:24:294, j
15:46:01:046, j
15:46:04:046, l
15:46:05:296, l
15:46:45:544, j
15:46:47:796, j
15:46:52:046, j
15:47:28:794, j
15:48:16:546, j
15:48:19:546, j
15:48:22:294, j
15:49:21:298, j
15:49:24:296, j
15:49:25:546, j
15:49:26:796, j
15:49:54:546, j
15:50:38:546, j
15:50:41:048, j
15:51:02:046, j
15:51:04:796, j
15:51:10:046, j
15:52:29:046, j
15:52:29:046, b
15:52:53:296, j
15:53:38:796, j
15:53:40:296, j
15:53:58:296, j
15:53:59:544, j
15:55:18:046, j
15:55:19:546, j
15:55:19:546, b
15:57:03:546, k
15:57:05:798, k
15:57:08:546, j
15:57:11:796, j
15:57:22:796, j
15:57:54:044, j
15:58:23:546, j
15:58:25:296, j
15:58:31:046, j
15:58:33:294, j
15:59:03:294, j
15:59:12:546, j
15:59:18:796, j
15:59:23:794, j
15:59:23:794, b
15:59:25:296, j
15:59:47:796, j
16:00:02:794, j
16:01:40:046, j
16:01:48:048, j
16:01:50:046, j
16:01:54:796, j
16:02:12:544, j
16:02:14:296, j
16:03:16:046, j
16:03:24:546, j
16:04:26:296, j
16:05:15:048, j
16:05:21:046, j
16:05:21:046, b
16:05:31:046, j
16:05:31:046, b
16:05:40:546, j
16:05:40:546, b
16:06:10:298, j
16:06:11:796, j
16:06:15:296, j
16:06:26:296, j
16:06:29:296, j
16:07:14:794, k
16:07:18:296, j
16:07:20:796, j
16:07:31:046, j
16:07:35:296, j
16:08:09:044, j
16:08:44:046, j
16:08:45:296, j
16:08:46:296, j
16:08:51:046, j
16:09:43:046, j
16:09:44:544, j
16:09:45:796, j
16:09:49:544, j
16:10:28:796, j
16:11:43:296, j
16:11:46:546, j
16:11:48:796, j
16:11:56:044, j
16:12:12:796, j
16:12:15:044, j
16:12:16:296, b
16:12:35:796, j
16:14:46:794, j
16:15:06:794, j
16:16:15:296, j
16:16:47:296, j
16:16:49:296, j
16:16:51:798, j
16:16:54:796, j
16:16:57:796, j
16:17:02:046, j
16:18:54:046, j
16:19:06:544, j
16:19:06:544, b
16:19:08:796, j
16:19:08:796, b
16:20:00:294, j
16:20:02:294, j
16:20:08:546, j
16:20:16:294, j
16:21:29:046, j
16:21:30:794, j
16:21:32:796, j
16:21:34:296, j
16:21:37:296, j
16:21:37:296, b
16:21:38:796, j
16:21:38:796, b
16:21:59:046, j
16:22:02:794, j
16:22:02:794, b
16:22:29:796, j
16:22:29:796, b
16:22:32:044, j
16:22:32:044, b
16:22:39:546, j
16:22:54:796, j
16:22:56:546, j
16:23:24:544, j
16:23:42:794, k
16:23:45:046, j
16:24:26:544, j
16:24:30:296, j
16:24:32:296, j
16:24:34:796, j
16:24:36:796, j
16:24:39:796, j
16:25:34:546, j
16:26:11:044, j
16:27:15:294, j
16:28:08:046, j
16:28:11:296, j
16:28:12:796, j
16:28:34:296, j
16:29:39:798, j
16:29:43:294, j
16:29:51:798, j
16:29:54:046, j
16:29:59:544, j
16:29:59:544, b
16:30:02:796, j
16:30:02:796, b
16:30:37:044, j
16:30:39:296, j
16:30:40:796, j
16:31:35:794, j
16:32:21:796, j
16:32:51:296, j
16:33:27:794, j
16:34:43:296, j
16:34:46:796, j
16:34:48:796, j
16:36:20:544, j
16:36:29:796, j
16:36:41:296, j
16:37:05:046, j
16:38:27:296, j
16:39:16:046, j
16:39:16:046, b
16:40:26:046, j
16:40:37:296, k
16:40:41:046, j
16:40:42:796, j
16:42:49:796, j
16:43:23:796, j
16:43:30:546, j
16:43:33:796, j
16:43:46:296, j
16:43:47:796, j
16:44:52:046, j
16:45:49:796, j
16:46:03:296, j
16:46:03:296, b
16:46:50:046, j
16:47:03:796, k
16:47:05:294, j
16:47:17:296, j
16:47:35:544, j
16:49:14:294, j
16:50:00:794, j
16:50:08:546, j
16:50:11:044, j
16:50:13:546, j
16:50:16:044, j
16:50:18:546, j
16:50:32:048, l
16:50:32:048, b
16:50:34:546, l
16:50:34:546, b
16:50:36:046, l
16:50:36:046, b
16:50:37:044, l
16:50:37:044, b
16:50:39:796, j
16:51:29:296, j
16:52:13:796, j
16:53:09:546, j
16:53:13:296, j
16:53:17:046, j
16:53:19:796, j
16:53:23:796, j
16:53:27:046, j
16:53:29:546, j
16:53:40:046, j
16:53:40:046, b
16:54:26:296, j
16:55:59:294, j
16:56:40:796, j
16:57:27:296, j
16:57:30:046, j
16:57:33:342, j
16:57:36:844, j
16:57:42:594, j
16:58:01:344, j
16:58:03:094, j
16:58:28:342, j
16:58:38:844, j
16:58:41:094, j
16:58:49:344, l
16:58:51:594, j
16:59:24:092, j
16:59:49:594, j
16:59:58:594, j
16:59:58:594, b
17:00:00:342, j
17:00:44:592, j
17:00:44:592, b
17:00:55:842, j
17:01:41:842, j
17:01:43:844, j
17:01:46:094, j
17:01:47:594, j
17:01:47:594, b
17:02:25:594, j
17:02:32:094, j
17:02:34:842, j
17:02:51:094, j
17:03:55:342, j
17:04:04:844, j
17:04:04:844, b
17:04:05:844, j
17:04:12:594, j
17:04:52:094, j
17:06:38:594, j
17:06:41:094, j
17:06:43:844, j
17:06:43:844, b
17:06:45:342, j
17:06:45:342, b
17:06:50:344, j
17:06:50:344, b
17:06:56:844, j
17:07:16:094, j
17:08:32:594, j
17:08:36:842, j
17:08:39:594, j
17:08:41:594, j
17:09:48:094, j
17:10:53:094, j
17:10:57:094, j
17:10:59:844, j
17:11:01:594, j
17:11:06:594, j
17:11:09:844, j
17:11:15:108, j
17:11:17:344, j
17:11:21:594, j
17:12:02:594, j
17:12:13:344, j
